entitiesKey,coOccurrences
en#*@#http://en.wikipedia.org/wiki/Free_association_(communism_and_anarchism)#*@#http://en.wikipedia.org/wiki/Mikhail_Bakunin,1
en#*@#http://en.wikipedia.org/wiki/Free_association_(communism_and_anarchism)#*@#http://en.wikipedia.org/wiki/Hierarchy,1
en#*@#http://en.wikipedia.org/wiki/Free_association_(communism_and_anarchism)#*@#http://en.wikipedia.org/wiki/Political_philosophy,1
en#*@#http://en.wikipedia.org/wiki/Free_association_(communism_and_anarchism)#*@#http://en.wikipedia.org/wiki/Peter_Kropotkin,1
en#*@#http://en.wikipedia.org/wiki/Free_association_(communism_and_anarchism)#*@#http://en.wikipedia.org/wiki/Hierarchical_organization,1
en#*@#http://en.wikipedia.org/wiki/Free_association_(communism_and_anarchism)#*@#http://en.wikipedia.org/wiki/George_Woodcock,1
en#*@#http://en.wikipedia.org/wiki/Free_association_(communism_and_anarchism)#*@#http://en.wikipedia.org/wiki/Stateless_society,1
en#*@#http://en.wikipedia.org/wiki/Free_association_(communism_and_anarchism)#*@#http://en.wikipedia.org/wiki/State_(polity),1
en#*@#http://en.wikipedia.org/wiki/Mikhail_Bakunin#*@#http://en.wikipedia.org/wiki/State_(polity),1
en#*@#http://en.wikipedia.org/wiki/Mikhail_Bakunin#*@#http://en.wikipedia.org/wiki/Stateless_society,1
en#*@#http://en.wikipedia.org/wiki/Mikhail_Bakunin#*@#http://en.wikipedia.org/wiki/Peter_Kropotkin,1
en#*@#http://en.wikipedia.org/wiki/Mikhail_Bakunin#*@#http://en.wikipedia.org/wiki/Political_philosophy,1
en#*@#http://en.wikipedia.org/wiki/George_Woodcock#*@#http://en.wikipedia.org/wiki/State_(polity),1
en#*@#http://en.wikipedia.org/wiki/George_Woodcock#*@#http://en.wikipedia.org/wiki/Political_philosophy,1
en#*@#http://en.wikipedia.org/wiki/George_Woodcock#*@#http://en.wikipedia.org/wiki/Peter_Kropotkin,1
en#*@#http://en.wikipedia.org/wiki/Authority#*@#http://en.wikipedia.org/wiki/Stateless_society,1
en#*@#http://en.wikipedia.org/wiki/George_Woodcock#*@#http://en.wikipedia.org/wiki/Mikhail_Bakunin,1
en#*@#http://en.wikipedia.org/wiki/George_Woodcock#*@#http://en.wikipedia.org/wiki/Hierarchy,1
en#*@#http://en.wikipedia.org/wiki/Authority#*@#http://en.wikipedia.org/wiki/Political_philosophy,1
en#*@#http://en.wikipedia.org/wiki/George_Woodcock#*@#http://en.wikipedia.org/wiki/Hierarchical_organization,1
en#*@#http://en.wikipedia.org/wiki/Authority#*@#http://en.wikipedia.org/wiki/State_(polity),1
en#*@#http://en.wikipedia.org/wiki/Authority#*@#http://en.wikipedia.org/wiki/Mikhail_Bakunin,1
en#*@#http://en.wikipedia.org/wiki/Authority#*@#http://en.wikipedia.org/wiki/Peter_Kropotkin,1
en#*@#http://en.wikipedia.org/wiki/Authority#*@#http://en.wikipedia.org/wiki/Hierarchical_organization,1
en#*@#http://en.wikipedia.org/wiki/Authority#*@#http://en.wikipedia.org/wiki/Hierarchy,1
en#*@#http://en.wikipedia.org/wiki/Authority#*@#http://en.wikipedia.org/wiki/Free_association_(communism_and_anarchism),1
en#*@#http://en.wikipedia.org/wiki/Authority#*@#http://en.wikipedia.org/wiki/George_Woodcock,1
en#*@#http://en.wikipedia.org/wiki/Authority#*@#http://en.wikipedia.org/wiki/Benjamin_Tucker,1
en#*@#http://en.wikipedia.org/wiki/Authority#*@#http://en.wikipedia.org/wiki/Emma_Goldman,1
en#*@#http://en.wikipedia.org/wiki/George_Woodcock#*@#http://en.wikipedia.org/wiki/Stateless_society,1
en#*@#http://en.wikipedia.org/wiki/Peter_Kropotkin#*@#http://en.wikipedia.org/wiki/Stateless_society,1
en#*@#http://en.wikipedia.org/wiki/Peter_Kropotkin#*@#http://en.wikipedia.org/wiki/Political_philosophy,1
en#*@#http://en.wikipedia.org/wiki/Peter_Kropotkin#*@#http://en.wikipedia.org/wiki/State_(polity),1
en#*@#http://en.wikipedia.org/wiki/Benjamin_Tucker#*@#http://en.wikipedia.org/wiki/Free_association_(communism_and_anarchism),1
en#*@#http://en.wikipedia.org/wiki/Benjamin_Tucker#*@#http://en.wikipedia.org/wiki/Emma_Goldman,1
en#*@#http://en.wikipedia.org/wiki/Benjamin_Tucker#*@#http://en.wikipedia.org/wiki/Hierarchical_organization,1
en#*@#http://en.wikipedia.org/wiki/Benjamin_Tucker#*@#http://en.wikipedia.org/wiki/George_Woodcock,1
en#*@#http://en.wikipedia.org/wiki/Benjamin_Tucker#*@#http://en.wikipedia.org/wiki/Mikhail_Bakunin,1
en#*@#http://en.wikipedia.org/wiki/Benjamin_Tucker#*@#http://en.wikipedia.org/wiki/Hierarchy,1
en#*@#http://en.wikipedia.org/wiki/Anarchism_and_Other_Essays#*@#http://en.wikipedia.org/wiki/Stateless_society,1
en#*@#http://en.wikipedia.org/wiki/Benjamin_Tucker#*@#http://en.wikipedia.org/wiki/Political_philosophy,1
en#*@#http://en.wikipedia.org/wiki/Benjamin_Tucker#*@#http://en.wikipedia.org/wiki/Peter_Kropotkin,1
en#*@#http://en.wikipedia.org/wiki/Anarchist_economics#*@#http://en.wikipedia.org/wiki/Anarchist_schools_of_thought,1
en#*@#http://en.wikipedia.org/wiki/Benjamin_Tucker#*@#http://en.wikipedia.org/wiki/Stateless_society,1
en#*@#http://en.wikipedia.org/wiki/Anarchist_economics#*@#http://en.wikipedia.org/wiki/Anarcho-syndicalism,1
en#*@#http://en.wikipedia.org/wiki/Benjamin_Tucker#*@#http://en.wikipedia.org/wiki/State_(polity),1
en#*@#http://en.wikipedia.org/wiki/Political_philosophy#*@#http://en.wikipedia.org/wiki/Stateless_society,1
en#*@#http://en.wikipedia.org/wiki/Anarchism_and_Other_Essays#*@#http://en.wikipedia.org/wiki/George_Woodcock,1
en#*@#http://en.wikipedia.org/wiki/Political_philosophy#*@#http://en.wikipedia.org/wiki/State_(polity),1
en#*@#http://en.wikipedia.org/wiki/Anarchism_and_Other_Essays#*@#http://en.wikipedia.org/wiki/Free_association_(communism_and_anarchism),1
en#*@#http://en.wikipedia.org/wiki/Anarchism_and_Other_Essays#*@#http://en.wikipedia.org/wiki/Hierarchy,1
en#*@#http://en.wikipedia.org/wiki/Anarchism_and_Other_Essays#*@#http://en.wikipedia.org/wiki/Hierarchical_organization,1
en#*@#http://en.wikipedia.org/wiki/Anarchism_and_Other_Essays#*@#http://en.wikipedia.org/wiki/Peter_Kropotkin,1
en#*@#http://en.wikipedia.org/wiki/Anarchism_and_Other_Essays#*@#http://en.wikipedia.org/wiki/Mikhail_Bakunin,1
en#*@#http://en.wikipedia.org/wiki/Anarchism_and_Other_Essays#*@#http://en.wikipedia.org/wiki/State_(polity),1
en#*@#http://en.wikipedia.org/wiki/Anarchism_and_Other_Essays#*@#http://en.wikipedia.org/wiki/Political_philosophy,1
en#*@#http://en.wikipedia.org/wiki/Hierarchical_organization#*@#http://en.wikipedia.org/wiki/Hierarchy,1
en#*@#http://en.wikipedia.org/wiki/Hierarchical_organization#*@#http://en.wikipedia.org/wiki/Mikhail_Bakunin,1
en#*@#http://en.wikipedia.org/wiki/Hierarchical_organization#*@#http://en.wikipedia.org/wiki/State_(polity),1
en#*@#http://en.wikipedia.org/wiki/Anarchism_and_Other_Essays#*@#http://en.wikipedia.org/wiki/Authority,1
en#*@#http://en.wikipedia.org/wiki/Hierarchical_organization#*@#http://en.wikipedia.org/wiki/Stateless_society,1
en#*@#http://en.wikipedia.org/wiki/Hierarchical_organization#*@#http://en.wikipedia.org/wiki/Peter_Kropotkin,1
en#*@#http://en.wikipedia.org/wiki/Anarchism_and_Other_Essays#*@#http://en.wikipedia.org/wiki/Emma_Goldman,1
en#*@#http://en.wikipedia.org/wiki/Hierarchical_organization#*@#http://en.wikipedia.org/wiki/Political_philosophy,1
en#*@#http://en.wikipedia.org/wiki/Anarchism_and_Other_Essays#*@#http://en.wikipedia.org/wiki/Benjamin_Tucker,1
en#*@#http://en.wikipedia.org/wiki/Emma_Goldman#*@#http://en.wikipedia.org/wiki/George_Woodcock,1
en#*@#http://en.wikipedia.org/wiki/Emma_Goldman#*@#http://en.wikipedia.org/wiki/Free_association_(communism_and_anarchism),1
en#*@#http://en.wikipedia.org/wiki/Emma_Goldman#*@#http://en.wikipedia.org/wiki/Peter_Kropotkin,1
en#*@#http://en.wikipedia.org/wiki/Emma_Goldman#*@#http://en.wikipedia.org/wiki/Mikhail_Bakunin,1
en#*@#http://en.wikipedia.org/wiki/Emma_Goldman#*@#http://en.wikipedia.org/wiki/Hierarchy,1
en#*@#http://en.wikipedia.org/wiki/Emma_Goldman#*@#http://en.wikipedia.org/wiki/Hierarchical_organization,1
en#*@#http://en.wikipedia.org/wiki/Anarchist_schools_of_thought#*@#http://en.wikipedia.org/wiki/Anarcho-syndicalism,1
en#*@#http://en.wikipedia.org/wiki/Emma_Goldman#*@#http://en.wikipedia.org/wiki/Stateless_society,1
en#*@#http://en.wikipedia.org/wiki/Emma_Goldman#*@#http://en.wikipedia.org/wiki/State_(polity),1
en#*@#http://en.wikipedia.org/wiki/Emma_Goldman#*@#http://en.wikipedia.org/wiki/Political_philosophy,1
en#*@#http://en.wikipedia.org/wiki/State_(polity)#*@#http://en.wikipedia.org/wiki/Stateless_society,1
en#*@#http://en.wikipedia.org/wiki/Hierarchy#*@#http://en.wikipedia.org/wiki/Mikhail_Bakunin,1
en#*@#http://en.wikipedia.org/wiki/Hierarchy#*@#http://en.wikipedia.org/wiki/Peter_Kropotkin,1
en#*@#http://en.wikipedia.org/wiki/Hierarchy#*@#http://en.wikipedia.org/wiki/Political_philosophy,1
en#*@#http://en.wikipedia.org/wiki/Hierarchy#*@#http://en.wikipedia.org/wiki/State_(polity),1
en#*@#http://en.wikipedia.org/wiki/Hierarchy#*@#http://en.wikipedia.org/wiki/Stateless_society,1
